site_id,soil_group,crop_2024,depth_mm,sample_date,days_since_application,herbicide,replicate_id,concentration,is_t0,timepoint,t0_top_mean,relative_concentration
NSW_Griffith,Heavy,Wheat,150,2024-04-26,0,Flumioxazin,1,26.7,True,T0,26.7,1.0
NSW_Griffith,Heavy,Wheat,150,2024-04-26,0,Flumioxazin,2,26.7,True,T0,26.7,1.0
NSW_Griffith,Heavy,Wheat,150,2024-04-26,0,Flumioxazin,3,26.7,True,T0,26.7,1.0
NSW_Griffith,Heavy,Wheat,150,2024-05-06,10,Flumioxazin,1,2.01194770613409,False,T1,26.7,0.07535384667168876
NSW_Griffith,Heavy,Wheat,150,2024-05-06,10,Flumioxazin,2,1.6989044681503562,False,T1,26.7,0.06362938082960136
NSW_Griffith,Heavy,Wheat,150,2024-05-06,10,Flumioxazin,3,9.42141239626474,False,T1,26.7,0.3528618875005521
NSW_Griffith,Heavy,Wheat,150,2024-05-22,26,Flumioxazin,1,3.376983527205519,False,T2,26.7,0.12647878379046887
NSW_Griffith,Heavy,Wheat,150,2024-05-22,26,Flumioxazin,2,5.28772102257629,False,T2,26.7,0.1980419858642805
NSW_Griffith,Heavy,Wheat,150,2024-05-22,26,Flumioxazin,3,3.509126477787083,False,T2,26.7,0.13142795796955367
NSW_Griffith,Heavy,Wheat,150,2024-07-26,91,Flumioxazin,1,7.06011516319027,False,T3,26.7,0.26442378888353074
NSW_Griffith,Heavy,Wheat,150,2024-07-26,91,Flumioxazin,2,9.390409511905135,False,T3,26.7,0.3517007307829639
NSW_Griffith,Heavy,Wheat,150,2024-07-26,91,Flumioxazin,3,8.254309374441698,False,T3,26.7,0.30915016383676774
NSW_Griffith,Heavy,Wheat,150,2024-09-19,146,Flumioxazin,1,5.9860743890919155,False,T4,26.7,0.22419754266261857
NSW_Griffith,Heavy,Wheat,150,2024-09-19,146,Flumioxazin,2,3.661979887424088,False,T4,26.7,0.13715280477243777
NSW_Griffith,Heavy,Wheat,150,2024-09-19,146,Flumioxazin,3,4.883080540591728,False,T4,26.7,0.182886911632649
NSW_Griffith,Heavy,Wheat,300,2024-04-26,0,Flumioxazin,1,0.0,True,T0,26.7,0.0
NSW_Griffith,Heavy,Wheat,300,2024-04-26,0,Flumioxazin,2,0.0,True,T0,26.7,0.0
NSW_Griffith,Heavy,Wheat,300,2024-04-26,0,Flumioxazin,3,0.0,True,T0,26.7,0.0
NSW_Griffith,Heavy,Wheat,300,2024-05-06,10,Flumioxazin,1,3.363766729275739,False,T1,26.7,0.12598377263205016
NSW_Griffith,Heavy,Wheat,300,2024-05-06,10,Flumioxazin,2,1.4859994110729062,False,T1,26.7,0.05565540865441596
NSW_Griffith,Heavy,Wheat,300,2024-05-06,10,Flumioxazin,3,0.0,False,T1,26.7,0.0
NSW_Griffith,Heavy,Wheat,300,2024-05-22,26,Flumioxazin,1,0.0,False,T2,26.7,0.0
NSW_Griffith,Heavy,Wheat,300,2024-05-22,26,Flumioxazin,2,0.0,False,T2,26.7,0.0
NSW_Griffith,Heavy,Wheat,300,2024-05-22,26,Flumioxazin,3,0.0,False,T2,26.7,0.0
NSW_Griffith,Heavy,Wheat,300,2024-07-26,91,Flumioxazin,1,0.0,False,T3,26.7,0.0
NSW_Griffith,Heavy,Wheat,300,2024-07-26,91,Flumioxazin,2,0.26172914729588265,False,T3,26.7,0.009802589786362646
NSW_Griffith,Heavy,Wheat,300,2024-07-26,91,Flumioxazin,3,0.0,False,T3,26.7,0.0
NSW_Griffith,Heavy,Wheat,300,2024-09-19,146,Flumioxazin,1,3.5049198434334126,False,T4,26.7,0.1312704061211016
NSW_Griffith,Heavy,Wheat,300,2024-09-19,146,Flumioxazin,2,4.169095636622663,False,T4,26.7,0.15614590399335815
NSW_Griffith,Heavy,Wheat,300,2024-09-19,146,Flumioxazin,3,2.2009729481294555,False,T4,26.7,0.08243344375016688
NSW_Griffith,Heavy,Wheat,150,2024-04-26,0,Imazapic,1,10.9,True,T0,10.9,1.0
NSW_Griffith,Heavy,Wheat,150,2024-04-26,0,Imazapic,2,10.9,True,T0,10.9,1.0
NSW_Griffith,Heavy,Wheat,150,2024-04-26,0,Imazapic,3,10.9,True,T0,10.9,1.0
NSW_Griffith,Heavy,Wheat,150,2024-05-06,10,Imazapic,1,3.1729565829802824,False,T1,10.9,0.2910969342183745
NSW_Griffith,Heavy,Wheat,150,2024-05-06,10,Imazapic,2,5.0486199348825345,False,T1,10.9,0.46317614081491143
NSW_Griffith,Heavy,Wheat,150,2024-05-06,10,Imazapic,3,7.7230410713501545,False,T1,10.9,0.7085358781055188
NSW_Griffith,Heavy,Wheat,150,2024-05-22,26,Imazapic,1,5.98573978216908,False,T2,10.9,0.5491504387311082
NSW_Griffith,Heavy,Wheat,150,2024-05-22,26,Imazapic,2,5.673880869647403,False,T2,10.9,0.5205395293254498
NSW_Griffith,Heavy,Wheat,150,2024-05-22,26,Imazapic,3,5.007530943881177,False,T2,10.9,0.459406508612952
NSW_Griffith,Heavy,Wheat,150,2024-07-26,91,Imazapic,1,3.0618632551771747,False,T3,10.9,0.2809048857960711
NSW_Griffith,Heavy,Wheat,150,2024-07-26,91,Imazapic,2,6.099230604574379,False,T3,10.9,0.5595624407866403
NSW_Griffith,Heavy,Wheat,150,2024-07-26,91,Imazapic,3,4.7212763198247405,False,T3,10.9,0.4331446164976826
NSW_Griffith,Heavy,Wheat,150,2024-09-19,146,Imazapic,1,4.228044235444903,False,T4,10.9,0.38789396655457825
NSW_Griffith,Heavy,Wheat,150,2024-09-19,146,Imazapic,2,4.5742333983569665,False,T4,10.9,0.41965444021623544
NSW_Griffith,Heavy,Wheat,150,2024-09-19,146,Imazapic,3,6.926604399812343,False,T4,10.9,0.6354682935607654
NSW_Griffith,Heavy,Wheat,300,2024-04-26,0,Imazapic,1,0.0,True,T0,10.9,0.0
NSW_Griffith,Heavy,Wheat,300,2024-04-26,0,Imazapic,2,0.0,True,T0,10.9,0.0
NSW_Griffith,Heavy,Wheat,300,2024-04-26,0,Imazapic,3,0.0,True,T0,10.9,0.0
NSW_Griffith,Heavy,Wheat,300,2024-05-06,10,Imazapic,1,0.46017733325670657,False,T1,10.9,0.042218103968505186
NSW_Griffith,Heavy,Wheat,300,2024-05-06,10,Imazapic,2,0.6138324051409754,False,T1,10.9,0.05631489955421792
NSW_Griffith,Heavy,Wheat,300,2024-05-06,10,Imazapic,3,0.8141382519413976,False,T1,10.9,0.0746915827469172
NSW_Griffith,Heavy,Wheat,300,2024-05-22,26,Imazapic,1,0.5984321536240921,False,T2,10.9,0.054902032442577256
NSW_Griffith,Heavy,Wheat,300,2024-05-22,26,Imazapic,2,0.6897360517066341,False,T2,10.9,0.06327853685381964
NSW_Griffith,Heavy,Wheat,300,2024-05-22,26,Imazapic,3,1.302438906188495,False,T2,10.9,0.11948980790720136
NSW_Griffith,Heavy,Wheat,300,2024-07-26,91,Imazapic,1,0.42901877380739883,False,T3,10.9,0.039359520532788884
NSW_Griffith,Heavy,Wheat,300,2024-07-26,91,Imazapic,2,0.7925099144194294,False,T3,10.9,0.07270733159811278
NSW_Griffith,Heavy,Wheat,300,2024-07-26,91,Imazapic,3,0.648588765838431,False,T3,10.9,0.05950355649893862
NSW_Griffith,Heavy,Wheat,300,2024-09-19,146,Imazapic,1,0.21868784657316712,False,T4,10.9,0.020063105190198816
NSW_Griffith,Heavy,Wheat,300,2024-09-19,146,Imazapic,2,0.23670054763416443,False,T4,10.9,0.02171564657194169
NSW_Griffith,Heavy,Wheat,300,2024-09-19,146,Imazapic,3,1.3272819553219724,False,T4,10.9,0.12176898672678645
NSW_Griffith,Heavy,Wheat,150,2024-04-26,0,Terbuthylazine,1,437.5,True,T0,437.5,1.0
NSW_Griffith,Heavy,Wheat,150,2024-04-26,0,Terbuthylazine,2,437.5,True,T0,437.5,1.0
NSW_Griffith,Heavy,Wheat,150,2024-04-26,0,Terbuthylazine,3,437.5,True,T0,437.5,1.0
NSW_Griffith,Heavy,Wheat,150,2024-05-06,10,Terbuthylazine,1,63.08044200746207,False,T1,437.5,0.14418386744562758
NSW_Griffith,Heavy,Wheat,150,2024-05-06,10,Terbuthylazine,2,99.08942285375149,False,T1,437.5,0.22649010938000338
NSW_Griffith,Heavy,Wheat,150,2024-05-06,10,Terbuthylazine,3,121.93260431214563,False,T1,437.5,0.27870309557061856
NSW_Griffith,Heavy,Wheat,150,2024-05-22,26,Terbuthylazine,1,133.07410591392087,False,T2,437.5,0.30416938494610485
NSW_Griffith,Heavy,Wheat,150,2024-05-22,26,Terbuthylazine,2,129.0112855963501,False,T2,437.5,0.29488293850594305
NSW_Griffith,Heavy,Wheat,150,2024-05-22,26,Terbuthylazine,3,151.44151951790417,False,T2,437.5,0.3461520446123524
NSW_Griffith,Heavy,Wheat,150,2024-07-26,91,Terbuthylazine,1,84.96248217920024,False,T3,437.5,0.1941999592667434
NSW_Griffith,Heavy,Wheat,150,2024-07-26,91,Terbuthylazine,2,152.63016904025324,False,T3,437.5,0.3488689578062931
NSW_Griffith,Heavy,Wheat,150,2024-07-26,91,Terbuthylazine,3,86.84988365825387,False,T3,437.5,0.19851401979029457
NSW_Griffith,Heavy,Wheat,150,2024-09-19,146,Terbuthylazine,1,118.5406612859433,False,T4,437.5,0.27095008293929895
NSW_Griffith,Heavy,Wheat,150,2024-09-19,146,Terbuthylazine,2,31.865370453124648,False,T4,437.5,0.07283513246428491
NSW_Griffith,Heavy,Wheat,150,2024-09-19,146,Terbuthylazine,3,37.57202772308594,False,T4,437.5,0.08587892050991072
NSW_Griffith,Heavy,Wheat,300,2024-04-26,0,Terbuthylazine,1,0.0,True,T0,437.5,0.0
NSW_Griffith,Heavy,Wheat,300,2024-04-26,0,Terbuthylazine,2,0.0,True,T0,437.5,0.0
NSW_Griffith,Heavy,Wheat,300,2024-04-26,0,Terbuthylazine,3,0.0,True,T0,437.5,0.0
NSW_Griffith,Heavy,Wheat,300,2024-05-06,10,Terbuthylazine,1,32.9087062652753,False,T1,437.5,0.07521990003491497
NSW_Griffith,Heavy,Wheat,300,2024-05-06,10,Terbuthylazine,2,27.762211496277068,False,T1,437.5,0.06345648342006187
NSW_Griffith,Heavy,Wheat,300,2024-05-06,10,Terbuthylazine,3,21.327520306405845,False,T1,437.5,0.04874861784321336
NSW_Griffith,Heavy,Wheat,300,2024-05-22,26,Terbuthylazine,1,30.898582525487956,False,T2,437.5,0.07062533148682962
NSW_Griffith,Heavy,Wheat,300,2024-05-22,26,Terbuthylazine,2,35.90887510711882,False,T2,437.5,0.08207742881627159
NSW_Griffith,Heavy,Wheat,300,2024-05-22,26,Terbuthylazine,3,36.703855167665836,False,T2,437.5,0.0838945260975219
NSW_Griffith,Heavy,Wheat,300,2024-07-26,91,Terbuthylazine,1,0.22086736050005995,False,T3,437.5,0.0005048396811429942
NSW_Griffith,Heavy,Wheat,300,2024-07-26,91,Terbuthylazine,2,2.383293210508068,False,T3,437.5,0.005447527338304155
NSW_Griffith,Heavy,Wheat,300,2024-07-26,91,Terbuthylazine,3,1.4751809982104886,False,T3,437.5,0.003371842281623974
NSW_Griffith,Heavy,Wheat,300,2024-09-19,146,Terbuthylazine,1,6.625563170340949,False,T4,437.5,0.015144144389350741
NSW_Griffith,Heavy,Wheat,300,2024-09-19,146,Terbuthylazine,2,5.319639921912494,False,T4,437.5,0.012159176964371415
NSW_Griffith,Heavy,Wheat,300,2024-09-19,146,Terbuthylazine,3,8.012507942681275,False,T4,437.5,0.01831430386898577
NSW_Griffith,Light,Wheat,150,2024-04-26,0,Flumioxazin,1,26.7,True,T0,26.7,1.0
NSW_Griffith,Light,Wheat,150,2024-04-26,0,Flumioxazin,2,26.7,True,T0,26.7,1.0
NSW_Griffith,Light,Wheat,150,2024-04-26,0,Flumioxazin,3,26.7,True,T0,26.7,1.0
NSW_Griffith,Light,Wheat,150,2024-05-06,10,Flumioxazin,1,25.260699159953692,False,T1,26.7,0.946093601496393
NSW_Griffith,Light,Wheat,150,2024-05-06,10,Flumioxazin,2,8.852252192858526,False,T1,26.7,0.33154502594975754
NSW_Griffith,Light,Wheat,150,2024-05-06,10,Flumioxazin,3,12.730539777807227,False,T1,26.7,0.4767992426145029
NSW_Griffith,Light,Wheat,150,2024-05-22,26,Flumioxazin,1,13.376345767737007,False,T2,26.7,0.5009867328740453
NSW_Griffith,Light,Wheat,150,2024-05-22,26,Flumioxazin,2,3.2393036284121886,False,T2,26.7,0.12132223327386474
NSW_Griffith,Light,Wheat,150,2024-05-22,26,Flumioxazin,3,11.74614568760192,False,T2,26.7,0.43993055009745025
NSW_Griffith,Light,Wheat,150,2024-07-26,91,Flumioxazin,1,3.22710430972388,False,T3,26.7,0.12086532995220525
NSW_Griffith,Light,Wheat,150,2024-07-26,91,Flumioxazin,2,7.819752026816456,False,T3,26.7,0.2928746077459347
NSW_Griffith,Light,Wheat,150,2024-07-26,91,Flumioxazin,3,2.9661696833052873,False,T3,26.7,0.11109249750207069
NSW_Griffith,Light,Wheat,150,2024-09-19,146,Flumioxazin,1,3.0842585601259276,False,T4,26.7,0.11551530187737556
NSW_Griffith,Light,Wheat,150,2024-09-19,146,Flumioxazin,2,2.0098055666234718,False,T4,26.7,0.07527361672747085
NSW_Griffith,Light,Wheat,150,2024-09-19,146,Flumioxazin,3,5.382957248355171,False,T4,26.7,0.2016088857061862
NSW_Griffith,Light,Wheat,300,2024-04-26,0,Flumioxazin,1,0.0,True,T0,26.7,0.0
NSW_Griffith,Light,Wheat,300,2024-04-26,0,Flumioxazin,2,0.0,True,T0,26.7,0.0
NSW_Griffith,Light,Wheat,300,2024-04-26,0,Flumioxazin,3,0.0,True,T0,26.7,0.0
NSW_Griffith,Light,Wheat,300,2024-05-06,10,Flumioxazin,1,0.20914925296351722,False,T1,26.7,0.007833305354438847
NSW_Griffith,Light,Wheat,300,2024-05-06,10,Flumioxazin,2,6.281422117349908,False,T1,26.7,0.23525925533145722
NSW_Griffith,Light,Wheat,300,2024-05-06,10,Flumioxazin,3,8.588699445015758,False,T1,26.7,0.32167413651744414
NSW_Griffith,Light,Wheat,300,2024-05-22,26,Flumioxazin,1,1.1165072495692931,False,T2,26.7,0.041816750920198244
NSW_Griffith,Light,Wheat,300,2024-05-22,26,Flumioxazin,2,4.189957798686013,False,T2,26.7,0.15692725837775331
NSW_Griffith,Light,Wheat,300,2024-05-22,26,Flumioxazin,3,1.5187031492110432,False,T2,26.7,0.056880267760713234
NSW_Griffith,Light,Wheat,300,2024-07-26,91,Flumioxazin,1,0.6988418394908906,False,T3,26.7,0.026173851666325493
NSW_Griffith,Light,Wheat,300,2024-07-26,91,Flumioxazin,2,0.0,False,T3,26.7,0.0
NSW_Griffith,Light,Wheat,300,2024-07-26,91,Flumioxazin,3,0.0,False,T3,26.7,0.0
NSW_Griffith,Light,Wheat,300,2024-09-19,146,Flumioxazin,1,0.06774731369073674,False,T4,26.7,0.002537352572686769
NSW_Griffith,Light,Wheat,300,2024-09-19,146,Flumioxazin,2,0.0,False,T4,26.7,0.0
NSW_Griffith,Light,Wheat,300,2024-09-19,146,Flumioxazin,3,0.10810582240474015,False,T4,26.7,0.004048907206170043
NSW_Griffith,Light,Wheat,150,2024-04-26,0,Imazapic,1,10.9,True,T0,10.9,1.0
NSW_Griffith,Light,Wheat,150,2024-04-26,0,Imazapic,2,10.9,True,T0,10.9,1.0
NSW_Griffith,Light,Wheat,150,2024-04-26,0,Imazapic,3,10.9,True,T0,10.9,1.0
NSW_Griffith,Light,Wheat,150,2024-05-06,10,Imazapic,1,3.925569778367098,False,T1,10.9,0.36014401636395393
NSW_Griffith,Light,Wheat,150,2024-05-06,10,Imazapic,2,4.780830321459805,False,T1,10.9,0.4386082863724592
NSW_Griffith,Light,Wheat,150,2024-05-06,10,Imazapic,3,4.370962914268392,False,T1,10.9,0.4010057719512286
NSW_Griffith,Light,Wheat,150,2024-05-22,26,Imazapic,1,3.9511613437058832,False,T2,10.9,0.36249186639503517
NSW_Griffith,Light,Wheat,150,2024-05-22,26,Imazapic,2,3.185184215720903,False,T2,10.9,0.2922187353872388
NSW_Griffith,Light,Wheat,150,2024-05-22,26,Imazapic,3,1.1624189064007726,False,T2,10.9,0.10664393636704335
NSW_Griffith,Light,Wheat,150,2024-07-26,91,Imazapic,1,2.3434057664030274,False,T3,10.9,0.21499135471587408
NSW_Griffith,Light,Wheat,150,2024-07-26,91,Imazapic,2,2.0897841227321012,False,T3,10.9,0.19172331401211937
NSW_Griffith,Light,Wheat,150,2024-07-26,91,Imazapic,3,1.5273568521014211,False,T3,10.9,0.14012448184416706
NSW_Griffith,Light,Wheat,150,2024-09-19,146,Imazapic,1,0.09688240632624985,False,T4,10.9,0.008888294158371546
NSW_Griffith,Light,Wheat,150,2024-09-19,146,Imazapic,2,1.3030666045674555,False,T4,10.9,0.11954739491444545
NSW_Griffith,Light,Wheat,150,2024-09-19,146,Imazapic,3,2.20824685983918,False,T4,10.9,0.20259145503111742
NSW_Griffith,Light,Wheat,300,2024-04-26,0,Imazapic,1,0.0,True,T0,10.9,0.0
NSW_Griffith,Light,Wheat,300,2024-04-26,0,Imazapic,2,0.0,True,T0,10.9,0.0
NSW_Griffith,Light,Wheat,300,2024-04-26,0,Imazapic,3,0.0,True,T0,10.9,0.0
NSW_Griffith,Light,Wheat,300,2024-05-06,10,Imazapic,1,0.6444658365229634,False,T1,10.9,0.05912530610302416
NSW_Griffith,Light,Wheat,300,2024-05-06,10,Imazapic,2,0.5573044449726628,False,T1,10.9,0.051128848162629616
NSW_Griffith,Light,Wheat,300,2024-05-06,10,Imazapic,3,0.4604398674534282,False,T1,10.9,0.04224218967462644
NSW_Griffith,Light,Wheat,300,2024-05-22,26,Imazapic,1,1.529345905319776,False,T2,10.9,0.14030696379080512
NSW_Griffith,Light,Wheat,300,2024-05-22,26,Imazapic,2,1.42419570994872,False,T2,10.9,0.13066015687602933
NSW_Griffith,Light,Wheat,300,2024-05-22,26,Imazapic,3,3.315027878807764,False,T2,10.9,0.30413099805575816
NSW_Griffith,Light,Wheat,300,2024-07-26,91,Imazapic,1,0.5572018027808677,False,T3,10.9,0.05111943144778603
NSW_Griffith,Light,Wheat,300,2024-07-26,91,Imazapic,2,0.9590745873397866,False,T3,10.9,0.08798849425135656
NSW_Griffith,Light,Wheat,300,2024-07-26,91,Imazapic,3,0.5600066717527236,False,T3,10.9,0.05137675887639666
NSW_Griffith,Light,Wheat,300,2024-09-19,146,Imazapic,1,0.41970703885102056,False,T4,10.9,0.03850523292211198
NSW_Griffith,Light,Wheat,300,2024-09-19,146,Imazapic,2,0.5514441138289573,False,T4,10.9,0.05059120310357406
NSW_Griffith,Light,Wheat,300,2024-09-19,146,Imazapic,3,0.1874802881309003,False,T4,10.9,0.01720002643402755
NSW_Griffith,Light,Wheat,150,2024-04-26,0,Terbuthylazine,1,437.5,True,T0,437.5,1.0
NSW_Griffith,Light,Wheat,150,2024-04-26,0,Terbuthylazine,2,437.5,True,T0,437.5,1.0
NSW_Griffith,Light,Wheat,150,2024-04-26,0,Terbuthylazine,3,437.5,True,T0,437.5,1.0
NSW_Griffith,Light,Wheat,150,2024-05-06,10,Terbuthylazine,1,160.38716346841284,False,T1,437.5,0.3665992307849436
NSW_Griffith,Light,Wheat,150,2024-05-06,10,Terbuthylazine,2,174.20607820572522,False,T1,437.5,0.39818532161308623
NSW_Griffith,Light,Wheat,150,2024-05-06,10,Terbuthylazine,3,132.4100044299328,False,T1,437.5,0.30265143869698924
NSW_Griffith,Light,Wheat,150,2024-05-22,26,Terbuthylazine,1,104.92562495300672,False,T2,437.5,0.23982999989258677
NSW_Griffith,Light,Wheat,150,2024-05-22,26,Terbuthylazine,2,162.17157346375114,False,T2,437.5,0.37067788220285974
NSW_Griffith,Light,Wheat,150,2024-05-22,26,Terbuthylazine,3,131.46611784210438,False,T2,437.5,0.30049398363909574
NSW_Griffith,Light,Wheat,150,2024-07-26,91,Terbuthylazine,1,42.34544185753854,False,T3,437.5,0.09678958138865952
NSW_Griffith,Light,Wheat,150,2024-07-26,91,Terbuthylazine,2,30.932656586298805,False,T3,437.5,0.07070321505439726
NSW_Griffith,Light,Wheat,150,2024-07-26,91,Terbuthylazine,3,54.141549995775094,False,T3,437.5,0.12375211427605735
NSW_Griffith,Light,Wheat,150,2024-09-19,146,Terbuthylazine,1,41.30730966941248,False,T4,437.5,0.09441670781579996
NSW_Griffith,Light,Wheat,150,2024-09-19,146,Terbuthylazine,2,17.554164825784298,False,T4,437.5,0.0401238053160784
NSW_Griffith,Light,Wheat,150,2024-09-19,146,Terbuthylazine,3,64.35412691250065,False,T4,437.5,0.14709514722857292
NSW_Griffith,Light,Wheat,300,2024-04-26,0,Terbuthylazine,1,0.0,True,T0,437.5,0.0
NSW_Griffith,Light,Wheat,300,2024-04-26,0,Terbuthylazine,2,0.0,True,T0,437.5,0.0
NSW_Griffith,Light,Wheat,300,2024-04-26,0,Terbuthylazine,3,0.0,True,T0,437.5,0.0
NSW_Griffith,Light,Wheat,300,2024-05-06,10,Terbuthylazine,1,69.69273083770607,False,T1,437.5,0.1592976704861853
NSW_Griffith,Light,Wheat,300,2024-05-06,10,Terbuthylazine,2,57.502159276423804,False,T1,437.5,0.13143350691754013
NSW_Griffith,Light,Wheat,300,2024-05-06,10,Terbuthylazine,3,53.519077156645125,False,T1,437.5,0.12232931921518886
NSW_Griffith,Light,Wheat,300,2024-05-22,26,Terbuthylazine,1,29.222343199034714,False,T2,437.5,0.06679392731207935
NSW_Griffith,Light,Wheat,300,2024-05-22,26,Terbuthylazine,2,23.273420759089394,False,T2,437.5,0.053196390306490045
NSW_Griffith,Light,Wheat,300,2024-05-22,26,Terbuthylazine,3,12.971910607383593,False,T2,437.5,0.029650081388305355
NSW_Griffith,Light,Wheat,300,2024-07-26,91,Terbuthylazine,1,0.6623355550764893,False,T3,437.5,0.0015139098401748328
NSW_Griffith,Light,Wheat,300,2024-07-26,91,Terbuthylazine,2,0.0,False,T3,437.5,0.0
NSW_Griffith,Light,Wheat,300,2024-07-26,91,Terbuthylazine,3,0.0,False,T3,437.5,0.0
NSW_Griffith,Light,Wheat,300,2024-09-19,146,Terbuthylazine,1,0.0,False,T4,437.5,0.0
NSW_Griffith,Light,Wheat,300,2024-09-19,146,Terbuthylazine,2,0.0,False,T4,437.5,0.0
NSW_Griffith,Light,Wheat,300,2024-09-19,146,Terbuthylazine,3,0.7252430487547638,False,T4,437.5,0.0016576983971537456
SA_Minnipa,Heavy,Pea,100,2024-06-12,0,Terbuthylazine,1,656.0,True,T0,656.0,1.0
SA_Minnipa,Heavy,Pea,100,2024-06-12,0,Terbuthylazine,2,656.0,True,T0,656.0,1.0
SA_Minnipa,Heavy,Pea,100,2024-06-12,0,Terbuthylazine,3,656.0,True,T0,656.0,1.0
SA_Minnipa,Heavy,Pea,100,2024-07-10,28,Terbuthylazine,1,47.78762579645129,False,T2,656.0,0.07284699054337086
SA_Minnipa,Heavy,Pea,100,2024-07-10,28,Terbuthylazine,2,64.06204207816864,False,T2,656.0,0.09765555194842782
SA_Minnipa,Heavy,Pea,100,2024-07-10,28,Terbuthylazine,3,46.132297522463446,False,T2,656.0,0.07032362427204794
SA_Minnipa,Heavy,Pea,100,2024-08-14,63,Terbuthylazine,1,20.992025234670862,False,T3,656.0,0.03200003846748607
SA_Minnipa,Heavy,Pea,100,2024-08-14,63,Terbuthylazine,2,21.16276780166542,False,T3,656.0,0.03226031677083144
SA_Minnipa,Heavy,Pea,100,2024-08-14,63,Terbuthylazine,3,9.364986234962542,False,T3,656.0,0.014275893650857534
SA_Minnipa,Heavy,Pea,100,2024-09-27,107,Terbuthylazine,1,17.01884136051632,False,T4,656.0,0.02594335573249439
SA_Minnipa,Heavy,Pea,100,2024-09-27,107,Terbuthylazine,2,21.372615184431506,False,T4,656.0,0.03258020607382851
SA_Minnipa,Heavy,Pea,100,2024-09-27,107,Terbuthylazine,3,8.468682398257874,False,T4,656.0,0.012909576826612612
SA_Minnipa,Heavy,Pea,100,2024-10-28,138,Terbuthylazine,1,20.11708958538325,False,T5,656.0,0.03066629509966959
SA_Minnipa,Heavy,Pea,100,2024-10-28,138,Terbuthylazine,2,20.11372709270096,False,T5,656.0,0.03066116934862951
SA_Minnipa,Heavy,Pea,300,2024-06-12,0,Terbuthylazine,1,0.0,True,T0,656.0,0.0
SA_Minnipa,Heavy,Pea,300,2024-06-12,0,Terbuthylazine,2,0.0,True,T0,656.0,0.0
SA_Minnipa,Heavy,Pea,300,2024-06-12,0,Terbuthylazine,3,0.0,True,T0,656.0,0.0
SA_Minnipa,Heavy,Pea,300,2024-07-10,28,Terbuthylazine,1,12.504027047155226,False,T2,656.0,0.01906101684017565
SA_Minnipa,Heavy,Pea,300,2024-07-10,28,Terbuthylazine,2,35.70993841745787,False,T2,656.0,0.05443588173392968
SA_Minnipa,Heavy,Pea,300,2024-07-10,28,Terbuthylazine,3,26.38836749639048,False,T2,656.0,0.04022616996400988
SA_Minnipa,Heavy,Pea,300,2024-08-14,63,Terbuthylazine,1,15.275946789449076,False,T3,656.0,0.023286504252208958
SA_Minnipa,Heavy,Pea,300,2024-08-14,63,Terbuthylazine,2,11.99298596485696,False,T3,656.0,0.018281990800086828
SA_Minnipa,Heavy,Pea,300,2024-08-14,63,Terbuthylazine,3,17.64939984145359,False,T3,656.0,0.026904572929045106
SA_Minnipa,Heavy,Pea,300,2024-09-27,107,Terbuthylazine,1,0.27694848668911193,False,T4,656.0,0.0004221775711724267
SA_Minnipa,Heavy,Pea,300,2024-09-27,107,Terbuthylazine,2,0.6380207551601408,False,T4,656.0,0.0009725926145733853
SA_Minnipa,Heavy,Pea,300,2024-09-27,107,Terbuthylazine,3,5.2012175701222505,False,T4,656.0,0.007928685320308309
SA_Minnipa,Heavy,Pea,300,2024-10-28,138,Terbuthylazine,1,0.8685366069243862,False,T5,656.0,0.0013239887300676618
SA_Minnipa,Heavy,Pea,300,2024-10-28,138,Terbuthylazine,2,1.9242488537079148,False,T5,656.0,0.002933306179432797
SA_Minnipa,Heavy,Pea,300,2024-10-28,138,Terbuthylazine,3,2.379843261290552,False,T5,656.0,0.0036278098495282807
SA_Minnipa,Heavy,Wheat,100,2024-06-12,0,Flumioxazin,1,37.5,True,T0,37.5,1.0
SA_Minnipa,Heavy,Wheat,100,2024-06-12,0,Flumioxazin,2,37.5,True,T0,37.5,1.0
SA_Minnipa,Heavy,Wheat,100,2024-06-12,0,Flumioxazin,3,37.5,True,T0,37.5,1.0
SA_Minnipa,Heavy,Wheat,100,2024-06-27,15,Flumioxazin,1,50.08,False,T1,37.5,1.3354666666666666
SA_Minnipa,Heavy,Wheat,100,2024-06-27,15,Flumioxazin,2,41.34,False,T1,37.5,1.1024
SA_Minnipa,Heavy,Wheat,100,2024-06-27,15,Flumioxazin,3,18.91,False,T1,37.5,0.5042666666666666
SA_Minnipa,Heavy,Wheat,100,2024-07-10,28,Flumioxazin,1,11.87,False,T2,37.5,0.31653333333333333
SA_Minnipa,Heavy,Wheat,100,2024-07-10,28,Flumioxazin,2,15.164965715777182,False,T2,37.5,0.4043990857540582
SA_Minnipa,Heavy,Wheat,100,2024-07-10,28,Flumioxazin,3,15.41616906832169,False,T2,37.5,0.4110978418219117
SA_Minnipa,Heavy,Wheat,100,2024-08-14,63,Flumioxazin,1,4.53513749174698,False,T3,37.5,0.12093699977991947
SA_Minnipa,Heavy,Wheat,100,2024-08-14,63,Flumioxazin,2,1.118242420664087,False,T3,37.5,0.029819797884375655
SA_Minnipa,Heavy,Wheat,100,2024-09-27,107,Flumioxazin,1,2.2427279817015164,False,T4,37.5,0.059806079512040436
SA_Minnipa,Heavy,Wheat,100,2024-09-27,107,Flumioxazin,2,1.3875630937355274,False,T4,37.5,0.037001682499614066
SA_Minnipa,Heavy,Wheat,100,2024-09-27,107,Flumioxazin,3,7.144861033939517,False,T4,37.5,0.19052962757172046
SA_Minnipa,Heavy,Wheat,100,2024-10-28,138,Flumioxazin,1,0.39156942031090514,False,T5,37.5,0.010441851208290803
SA_Minnipa,Heavy,Wheat,100,2024-10-28,138,Flumioxazin,2,3.507342570811952,False,T5,37.5,0.09352913522165206
SA_Minnipa,Heavy,Wheat,100,2024-10-28,138,Flumioxazin,3,7.258286779306347,False,T5,37.5,0.1935543141148359
SA_Minnipa,Heavy,Wheat,300,2024-06-12,0,Flumioxazin,1,0.0,True,T0,37.5,0.0
SA_Minnipa,Heavy,Wheat,300,2024-06-12,0,Flumioxazin,2,0.0,True,T0,37.5,0.0
SA_Minnipa,Heavy,Wheat,300,2024-06-12,0,Flumioxazin,3,0.0,True,T0,37.5,0.0
SA_Minnipa,Heavy,Wheat,300,2024-07-10,28,Flumioxazin,1,2.33,False,T2,37.5,0.06213333333333333
SA_Minnipa,Heavy,Wheat,300,2024-07-10,28,Flumioxazin,2,3.468825371933771,False,T2,37.5,0.0925020099182339
SA_Minnipa,Heavy,Wheat,300,2024-07-10,28,Flumioxazin,3,3.546141126584837,False,T2,37.5,0.09456376337559565
SA_Minnipa,Heavy,Wheat,300,2024-08-14,63,Flumioxazin,1,0.49,False,T3,37.5,0.013066666666666666
SA_Minnipa,Heavy,Wheat,300,2024-08-14,63,Flumioxazin,2,2.5233054101919894,False,T3,37.5,0.06728814427178638
SA_Minnipa,Heavy,Wheat,300,2024-08-14,63,Flumioxazin,3,1.0742419226074527,False,T3,37.5,0.02864645126953207
SA_Minnipa,Heavy,Wheat,300,2024-09-27,107,Flumioxazin,1,0.0,False,T4,37.5,0.0
SA_Minnipa,Heavy,Wheat,300,2024-09-27,107,Flumioxazin,2,0.0,False,T4,37.5,0.0
SA_Minnipa,Heavy,Wheat,300,2024-09-27,107,Flumioxazin,3,0.0,False,T4,37.5,0.0
SA_Minnipa,Heavy,Wheat,300,2024-10-28,138,Flumioxazin,1,0.0,False,T5,37.5,0.0
SA_Minnipa,Heavy,Wheat,300,2024-10-28,138,Flumioxazin,2,0.0,False,T5,37.5,0.0
SA_Minnipa,Heavy,Wheat,300,2024-10-28,138,Flumioxazin,3,0.0,False,T5,37.5,0.0
SA_Minnipa,Heavy,Wheat,100,2024-06-12,0,Imazapic,1,16.4,True,T0,16.4,1.0
SA_Minnipa,Heavy,Wheat,100,2024-06-12,0,Imazapic,2,16.4,True,T0,16.4,1.0
SA_Minnipa,Heavy,Wheat,100,2024-06-12,0,Imazapic,3,16.4,True,T0,16.4,1.0
SA_Minnipa,Heavy,Wheat,100,2024-06-27,15,Imazapic,1,6.39,False,T1,16.4,0.3896341463414634
SA_Minnipa,Heavy,Wheat,100,2024-06-27,15,Imazapic,2,6.76,False,T1,16.4,0.41219512195121955
SA_Minnipa,Heavy,Wheat,100,2024-06-27,15,Imazapic,3,4.64,False,T1,16.4,0.2829268292682927
SA_Minnipa,Heavy,Wheat,100,2024-07-10,28,Imazapic,1,2.29,False,T2,16.4,0.13963414634146343
SA_Minnipa,Heavy,Wheat,100,2024-07-10,28,Imazapic,2,6.72,False,T2,16.4,0.40975609756097564
SA_Minnipa,Heavy,Wheat,100,2024-07-10,28,Imazapic,3,5.59,False,T2,16.4,0.3408536585365854
SA_Minnipa,Heavy,Wheat,100,2024-08-14,63,Imazapic,1,1.0564482646281803,False,T3,16.4,0.06441757711147442
SA_Minnipa,Heavy,Wheat,100,2024-08-14,63,Imazapic,2,4.5,False,T3,16.4,0.27439024390243905
SA_Minnipa,Heavy,Wheat,100,2024-08-14,63,Imazapic,3,3.65,False,T3,16.4,0.2225609756097561
SA_Minnipa,Heavy,Wheat,100,2024-09-27,107,Imazapic,1,1.53,False,T4,16.4,0.09329268292682928
SA_Minnipa,Heavy,Wheat,100,2024-09-27,107,Imazapic,2,4.01,False,T4,16.4,0.24451219512195121
SA_Minnipa,Heavy,Wheat,100,2024-10-28,138,Imazapic,1,1.07,False,T5,16.4,0.0652439024390244
SA_Minnipa,Heavy,Wheat,100,2024-10-28,138,Imazapic,2,6.35,False,T5,16.4,0.3871951219512195
SA_Minnipa,Heavy,Wheat,100,2024-10-28,138,Imazapic,3,2.35,False,T5,16.4,0.14329268292682928
SA_Minnipa,Heavy,Wheat,300,2024-06-12,0,Imazapic,1,0.0,True,T0,16.4,0.0
SA_Minnipa,Heavy,Wheat,300,2024-06-12,0,Imazapic,2,0.0,True,T0,16.4,0.0
SA_Minnipa,Heavy,Wheat,300,2024-06-12,0,Imazapic,3,0.0,True,T0,16.4,0.0
SA_Minnipa,Heavy,Wheat,300,2024-07-10,28,Imazapic,1,9.09,False,T2,16.4,0.5542682926829269
SA_Minnipa,Heavy,Wheat,300,2024-07-10,28,Imazapic,2,4.17,False,T2,16.4,0.25426829268292683
SA_Minnipa,Heavy,Wheat,300,2024-07-10,28,Imazapic,3,4.18,False,T2,16.4,0.2548780487804878
SA_Minnipa,Heavy,Wheat,300,2024-08-14,63,Imazapic,1,4.24,False,T3,16.4,0.2585365853658537
SA_Minnipa,Heavy,Wheat,300,2024-08-14,63,Imazapic,2,2.95,False,T3,16.4,0.17987804878048783
SA_Minnipa,Heavy,Wheat,300,2024-08-14,63,Imazapic,3,2.64,False,T3,16.4,0.1609756097560976
SA_Minnipa,Heavy,Wheat,300,2024-09-27,107,Imazapic,1,4.44,False,T4,16.4,0.27073170731707324
SA_Minnipa,Heavy,Wheat,300,2024-09-27,107,Imazapic,2,1.71,False,T4,16.4,0.10426829268292684
SA_Minnipa,Heavy,Wheat,300,2024-10-28,138,Imazapic,1,2.19,False,T5,16.4,0.13353658536585367
SA_Minnipa,Heavy,Wheat,300,2024-10-28,138,Imazapic,2,0.8,False,T5,16.4,0.04878048780487806
SA_Minnipa,Heavy,Wheat,300,2024-10-28,138,Imazapic,3,1.69,False,T5,16.4,0.10304878048780489
SA_Minnipa,Light,Pea,100,2024-06-12,0,Terbuthylazine,1,656.0,True,T0,656.0,1.0
SA_Minnipa,Light,Pea,100,2024-06-12,0,Terbuthylazine,2,656.0,True,T0,656.0,1.0
SA_Minnipa,Light,Pea,100,2024-06-12,0,Terbuthylazine,3,656.0,True,T0,656.0,1.0
SA_Minnipa,Light,Pea,100,2024-08-14,63,Terbuthylazine,1,0.0,False,T3,656.0,0.0
SA_Minnipa,Light,Pea,100,2024-08-14,63,Terbuthylazine,2,29.224814080035916,False,T3,656.0,0.04455002146346938
SA_Minnipa,Light,Pea,100,2024-08-14,63,Terbuthylazine,3,44.245429046178536,False,T3,656.0,0.06744730037527216
SA_Minnipa,Light,Pea,100,2024-09-26,106,Terbuthylazine,1,9.957173837457015,False,T4,656.0,0.015178618654660084
SA_Minnipa,Light,Pea,100,2024-09-26,106,Terbuthylazine,2,12.7347137440912,False,T4,656.0,0.019412673390382926
SA_Minnipa,Light,Pea,100,2024-09-26,106,Terbuthylazine,3,35.00200770172194,False,T4,656.0,0.053356719057502965
SA_Minnipa,Light,Pea,100,2024-10-28,138,Terbuthylazine,1,180.93784505306357,False,T2,656.0,0.2758198857516213
SA_Minnipa,Light,Pea,100,2024-10-28,138,Terbuthylazine,2,48.12992700281603,False,T2,656.0,0.07336879116282932
SA_Minnipa,Light,Pea,100,2024-10-28,138,Terbuthylazine,3,30.03803786001852,False,T2,656.0,0.04578969185978433
SA_Minnipa,Light,Pea,100,2024-10-28,138,Terbuthylazine,4,0.0,False,T5,656.0,0.0
SA_Minnipa,Light,Pea,100,2024-10-28,138,Terbuthylazine,5,0.0,False,T5,656.0,0.0
SA_Minnipa,Light,Pea,100,2024-10-28,138,Terbuthylazine,6,13.844546884398808,False,T5,656.0,0.02110449220182745
SA_Minnipa,Light,Pea,300,2024-06-12,0,Terbuthylazine,1,0.0,True,T0,656.0,0.0
SA_Minnipa,Light,Pea,300,2024-06-12,0,Terbuthylazine,2,0.0,True,T0,656.0,0.0
SA_Minnipa,Light,Pea,300,2024-06-12,0,Terbuthylazine,3,0.0,True,T0,656.0,0.0
SA_Minnipa,Light,Pea,300,2024-07-09,27,Terbuthylazine,1,40.895394586449534,False,T2,656.0,0.06234054052812429
SA_Minnipa,Light,Pea,300,2024-07-09,27,Terbuthylazine,2,54.341529658127676,False,T2,656.0,0.08283769764958487
SA_Minnipa,Light,Pea,300,2024-07-09,27,Terbuthylazine,3,26.01303495248062,False,T2,656.0,0.0396540166958546
SA_Minnipa,Light,Pea,300,2024-08-14,63,Terbuthylazine,1,0.0,False,T3,656.0,0.0
SA_Minnipa,Light,Pea,300,2024-08-14,63,Terbuthylazine,2,34.526898985744076,False,T3,656.0,0.052632467966073286
SA_Minnipa,Light,Pea,300,2024-08-14,63,Terbuthylazine,3,42.09235341668898,False,T3,656.0,0.06416517289129417
SA_Minnipa,Light,Pea,300,2024-09-26,106,Terbuthylazine,1,0.0,False,T4,656.0,0.0
SA_Minnipa,Light,Pea,300,2024-09-26,106,Terbuthylazine,2,0.5973975027944103,False,T4,656.0,0.0009106669249914791
SA_Minnipa,Light,Pea,300,2024-09-26,106,Terbuthylazine,3,0.6805468001586809,False,T4,656.0,0.001037418902680916
SA_Minnipa,Light,Pea,300,2024-10-28,138,Terbuthylazine,1,0.23379392960864986,False,T5,656.0,0.0003563931853790394
SA_Minnipa,Light,Pea,300,2024-10-28,138,Terbuthylazine,2,2.403982585827215,False,T5,656.0,0.003664607600346364
SA_Minnipa,Light,Pea,300,2024-10-28,138,Terbuthylazine,3,0.4560525235298108,False,T5,656.0,0.0006952020175759311
SA_Minnipa,Light,Wheat,100,2024-06-12,0,Flumioxazin,1,37.5,True,T0,37.5,1.0
SA_Minnipa,Light,Wheat,100,2024-06-12,0,Flumioxazin,2,37.5,True,T0,37.5,1.0
SA_Minnipa,Light,Wheat,100,2024-06-12,0,Flumioxazin,3,37.5,True,T0,37.5,1.0
SA_Minnipa,Light,Wheat,100,2024-06-27,15,Flumioxazin,1,4.932981392809576,False,T1,37.5,0.131546170474922
SA_Minnipa,Light,Wheat,100,2024-06-27,15,Flumioxazin,2,7.551742147026349,False,T1,37.5,0.20137979058736932
SA_Minnipa,Light,Wheat,100,2024-06-27,15,Flumioxazin,3,9.306408430509936,False,T1,37.5,0.24817089148026497
SA_Minnipa,Light,Wheat,100,2024-07-09,27,Flumioxazin,1,5.658204128843543,False,T2,37.5,0.15088544343582783
SA_Minnipa,Light,Wheat,100,2024-07-09,27,Flumioxazin,2,4.932981392809576,False,T2,37.5,0.131546170474922
SA_Minnipa,Light,Wheat,100,2024-07-09,27,Flumioxazin,3,14.687723738244543,False,T2,37.5,0.3916726330198545
SA_Minnipa,Light,Wheat,100,2024-08-14,63,Flumioxazin,1,2.768126959661279,False,T3,37.5,0.07381671892430078
SA_Minnipa,Light,Wheat,100,2024-08-14,63,Flumioxazin,2,6.4108666382526165,False,T3,37.5,0.17095644368673643
SA_Minnipa,Light,Wheat,100,2024-08-14,63,Flumioxazin,3,9.484203307573736,False,T3,37.5,0.2529120882019663
SA_Minnipa,Light,Wheat,100,2024-09-26,106,Flumioxazin,1,0.0,False,T4,37.5,0.0
SA_Minnipa,Light,Wheat,100,2024-09-26,106,Flumioxazin,2,2.795880607152915,False,T4,37.5,0.0745568161907444
SA_Minnipa,Light,Wheat,100,2024-09-26,106,Flumioxazin,3,4.8492448417381215,False,T4,37.5,0.12931319577968325
SA_Minnipa,Light,Wheat,100,2024-10-28,138,Flumioxazin,1,0.0,False,T5,37.5,0.0
SA_Minnipa,Light,Wheat,100,2024-10-28,138,Flumioxazin,2,0.0,False,T5,37.5,0.0
SA_Minnipa,Light,Wheat,100,2024-10-28,138,Flumioxazin,3,0.0,False,T5,37.5,0.0
SA_Minnipa,Light,Wheat,300,2024-06-12,0,Flumioxazin,1,0.0,True,T0,37.5,0.0
SA_Minnipa,Light,Wheat,300,2024-06-12,0,Flumioxazin,2,0.0,True,T0,37.5,0.0
SA_Minnipa,Light,Wheat,300,2024-06-12,0,Flumioxazin,3,0.0,True,T0,37.5,0.0
SA_Minnipa,Light,Wheat,300,2024-06-27,15,Flumioxazin,1,0.39321143641941353,False,T2,37.5,0.010485638304517694
SA_Minnipa,Light,Wheat,300,2024-06-27,15,Flumioxazin,2,0.0102330760807171,False,T2,37.5,0.00027288202881912266
SA_Minnipa,Light,Wheat,300,2024-06-27,15,Flumioxazin,3,0.0,False,T2,37.5,0.0
SA_Minnipa,Light,Wheat,300,2024-07-09,27,Flumioxazin,1,1.0485571386062804,False,T3,37.5,0.027961523696167476
SA_Minnipa,Light,Wheat,300,2024-07-09,27,Flumioxazin,2,0.0,False,T3,37.5,0.0
SA_Minnipa,Light,Wheat,300,2024-07-09,27,Flumioxazin,3,2.537668141280127,False,T3,37.5,0.06767115043413673
SA_Minnipa,Light,Wheat,300,2024-08-14,63,Flumioxazin,1,0.0,False,T4,37.5,0.0
SA_Minnipa,Light,Wheat,300,2024-08-14,63,Flumioxazin,2,0.0,False,T4,37.5,0.0
SA_Minnipa,Light,Wheat,300,2024-08-14,63,Flumioxazin,3,0.0,False,T4,37.5,0.0
SA_Minnipa,Light,Wheat,300,2024-09-26,106,Flumioxazin,1,0.0,False,T5,37.5,0.0
SA_Minnipa,Light,Wheat,300,2024-09-26,106,Flumioxazin,2,0.0,False,T5,37.5,0.0
SA_Minnipa,Light,Wheat,300,2024-09-26,106,Flumioxazin,3,0.0,False,T5,37.5,0.0
SA_Minnipa,Light,Wheat,100,2024-06-12,0,Imazapic,1,16.4,True,T0,16.4,1.0
SA_Minnipa,Light,Wheat,100,2024-06-12,0,Imazapic,2,16.4,True,T0,16.4,1.0
SA_Minnipa,Light,Wheat,100,2024-06-12,0,Imazapic,3,16.4,True,T0,16.4,1.0
SA_Minnipa,Light,Wheat,100,2024-06-27,15,Imazapic,1,0.610358904086653,False,T1,16.4,0.03721700634674714
SA_Minnipa,Light,Wheat,100,2024-06-27,15,Imazapic,2,2.9038353725107156,False,T1,16.4,0.17706313247016559
SA_Minnipa,Light,Wheat,100,2024-06-27,15,Imazapic,3,0.9249955565694917,False,T1,16.4,0.0564021680835056
SA_Minnipa,Light,Wheat,100,2024-07-09,27,Imazapic,1,0.0,False,T2,16.4,0.0
SA_Minnipa,Light,Wheat,100,2024-07-09,27,Imazapic,2,0.30635452896776666,False,T2,16.4,0.018680154205351625
SA_Minnipa,Light,Wheat,100,2024-07-09,27,Imazapic,3,0.23785824466358488,False,T2,16.4,0.014503551503877127
SA_Minnipa,Light,Wheat,100,2024-08-14,63,Imazapic,1,0.057729398701661376,False,T3,16.4,0.0035200852866866697
SA_Minnipa,Light,Wheat,100,2024-08-14,63,Imazapic,2,0.6212799647015059,False,T3,16.4,0.037882924676921094
SA_Minnipa,Light,Wheat,100,2024-08-14,63,Imazapic,3,2.8597390217403045,False,T3,16.4,0.17437433059392102
SA_Minnipa,Light,Wheat,100,2024-09-26,106,Imazapic,1,0.6747409372494079,False,T4,16.4,0.04114274007618341
SA_Minnipa,Light,Wheat,100,2024-09-26,106,Imazapic,2,3.013112962081512,False,T4,16.4,0.18372640012692146
SA_Minnipa,Light,Wheat,100,2024-09-26,106,Imazapic,3,1.3477070393130886,False,T4,16.4,0.08217725849470053
SA_Minnipa,Light,Wheat,100,2024-10-28,138,Imazapic,1,0.37958643184501634,False,T5,16.4,0.02314551413689124
SA_Minnipa,Light,Wheat,100,2024-10-28,138,Imazapic,2,0.56654368535436,False,T5,16.4,0.03454534666794878
SA_Minnipa,Light,Wheat,100,2024-10-28,138,Imazapic,3,0.0,False,T5,16.4,0.0
SA_Minnipa,Light,Wheat,300,2024-06-12,0,Imazapic,1,0.0,True,T0,16.4,0.0
SA_Minnipa,Light,Wheat,300,2024-06-12,0,Imazapic,2,0.0,True,T0,16.4,0.0
SA_Minnipa,Light,Wheat,300,2024-06-12,0,Imazapic,3,0.0,True,T0,16.4,0.0
SA_Minnipa,Light,Wheat,300,2024-06-27,15,Imazapic,1,0.07322048489895748,False,T2,16.4,0.004464663713351066
SA_Minnipa,Light,Wheat,300,2024-06-27,15,Imazapic,2,1.1310400814691628,False,T2,16.4,0.06896585862616847
SA_Minnipa,Light,Wheat,300,2024-06-27,15,Imazapic,3,0.0,False,T2,16.4,0.0
SA_Minnipa,Light,Wheat,300,2024-07-09,27,Imazapic,1,0.29486711163420803,False,T3,16.4,0.017979701928915126
SA_Minnipa,Light,Wheat,300,2024-07-09,27,Imazapic,2,1.6811997678125097,False,T3,16.4,0.10251218096417743
SA_Minnipa,Light,Wheat,300,2024-07-09,27,Imazapic,3,1.5495726349373387,False,T3,16.4,0.094486136276667
SA_Minnipa,Light,Wheat,300,2024-08-14,63,Imazapic,1,1.1336263301666638,False,T4,16.4,0.06912355671747951
SA_Minnipa,Light,Wheat,300,2024-08-14,63,Imazapic,2,0.6783183329701943,False,T4,16.4,0.04136087396159722
SA_Minnipa,Light,Wheat,300,2024-08-14,63,Imazapic,3,0.42847677087917213,False,T4,16.4,0.02612663237068123
SA_Minnipa,Light,Wheat,300,2024-09-26,106,Imazapic,1,0.7148948318319279,False,T5,16.4,0.043591148282434634
SA_Minnipa,Light,Wheat,300,2024-09-26,106,Imazapic,2,0.7121842890970403,False,T5,16.4,0.043425871286404905
SA_Minnipa,Light,Wheat,300,2024-09-26,106,Imazapic,3,0.35133160087545345,False,T5,16.4,0.021422658589966677
